nombre_campo,longitud,tipo,nemónico,catálogo,rango_claves,,,
Número de folio,5,C,folio,,00001...13352,,,
Número de vivienda seleccionada,2,C,viv_sel,,01...25,,,
Número de hogar en la vivienda,1,C,hogar,,1...5,,,
Número de renglón de la persona seleccionada,2,C,n_ren,,01...30,,,
Pregunta P3.1.1 ¿Hasta qué año o grado aprobó usted en la escuela? - NIVEL,2,C,p3_1_1,p3_1_1,"00...09,99",,,
Pregunta P3.1.2 ¿Hasta qué año o grado aprobó usted en la escuela? - AÑO,1,C,p3_1_2,,0...9,,,
Pregunta P3.2 ¿Actualmente usted…?,1,C,p3_2,p3_2,1...6,,,
Pregunta P3.3 ¿Usted habla alguna lengua indígena?,1,C,p3_3,p3_3,"1,2",,,
"Pregunta P3.4 ¿Usted recibe algún apoyo económico o programa de gobierno como adultos mayores, Becas Benito Juárez, Jóvenes construyendo el futuro, entre otros?",1,C,p3_4,p3_4,"1,2",,,
"Pregunta P3.5 Durante el mes pasado, ¿usted…?",1,C,p3_5,p3_5,1...8,,,
"Pregunta P3.6 Aunque ya me dijo que (CONDICIÓN DE 3.5), ¿el mes pasado usted…?",1,C,p3_6,p3_6,1...6,,,
"Pregunta P3.7 En su trabajo, actividad o negocio, ¿usted es…?",1,C,p3_7,p3_7,1...5,,,
Pregunta P3.8A ¿Cuánto gana o recibe usted por trabajar (su actividad)?,5,C,p3_8a,p3_8a,"00000...98000,99888",,,
Pregunta P3.8B ¿Cada cuándo?,1,C,p3_8b,p3_8b,1...4,,,
Pregunta P3.9 ¿Este ingreso es…?,1,C,p3_9,p3_9,"1,2",,,
"Pregunta P3.10 Por parte de su trabajo, ¿usted tiene derecho a los servicios médicos…?",1,C,p3_10,p3_10,"1...6,9",,,
Pregunta P3.11 ¿Usted tiene un celular inteligente (smartphone)?,1,C,p3_11,p3_11,"1,2",,,
Pregunta P4.1 ¿Usted lleva un presupuesto o un registro de sus ingresos y gastos?,1,C,p4_1,p4_1,"1,2",,,
Pregunta P4.2.1 ¿Para usted o su hogar hace anotaciones de los gastos?,1,C,p4_2_1,p4_2_1,"1,2",,,
Pregunta P4.2.2 ¿Para usted o su hogar mantiene el dinero para pagos o deudas separado del dinero del gasto diario?,1,C,p4_2_2,p4_2_2,"1,2",,,
Pregunta P4.2.3 ¿Para usted o su hogar lleva un registro de los recibos o deudas pendientes para asegurarse de no olvidar pagarlos?,1,C,p4_2_3,p4_2_3,"1,2",,,
Pregunta P4.2.4 ¿Para usted o su hogar usa una aplicación de celular o una herramienta de administración de dinero para dar seguimiento de los gastos?,1,C,p4_2_4,p4_2_4,"1,2",,,
Pregunta P4.2.5 ¿Para usted o su hogar tiene alguno de sus pagos con cobro automático a una cuenta o tarjeta (pago domiciliado)?,1,C,p4_2_5,p4_2_5,"1,2",,,
"Pregunta P4.3 De julio de 2020 a la fecha, ¿lo que ganó o recibió cada mes fue suficiente para cubrir sus gastos?",1,C,p4_3,p4_3,"1,2",,,
"Pregunta P4.4.1 La última vez que no pudo cubrir sus gastos, ¿usted pidió prestado a familiares o personas conocidas?",1,C,p4_4_1,p4_4_1,"1,2",,,
"Pregunta P4.4.2 La última vez que no pudo cubrir sus gastos, ¿usted utilizó el dinero que tenía ahorrado?",1,C,p4_4_2,p4_4_2,"1,2",,,
"Pregunta P4.4.3 La última vez que no pudo cubrir sus gastos, ¿usted redujo sus gastos?",1,C,p4_4_3,p4_4_3,"1,2",,,
"Pregunta P4.4.4 La última vez que no pudo cubrir sus gastos, ¿usted vendió o empeñó algún bien?",1,C,p4_4_4,p4_4_4,"1,2",,,
"Pregunta P4.4.5 La última vez que no pudo cubrir sus gastos, ¿usted solicitó un adelanto salarial, trabajó horas extras o hizo trabajo temporal?",1,C,p4_4_5,p4_4_5,"1,2",,,
"Pregunta P4.4.6 La última vez que no pudo cubrir sus gastos, ¿usted utilizó su tarjeta de crédito o solicitó un crédito en un banco o institución financiera?",1,C,p4_4_6,p4_4_6,"1,2",,,
"Pregunta P4.4.7 La última vez que no pudo cubrir sus gastos, ¿usted se atrasó en el pago de algún crédito o préstamo?",1,C,p4_4_7,p4_4_7,"1,2",,,
"Pregunta P4.5 ¿Usted ha tomado algún curso sobre cómo ahorrar, cómo hacer un presupuesto o sobre el uso responsable del crédito?",1,C,p4_5,p4_5,"1,2",,,
Pregunta P4.6.1 Generalmente ¿considera cuidadosamente si puede pagar algo antes de comprarlo?,1,C,p4_6_1,p4_6_1,"1...3,8,9",,,
"Pregunta P4.6.2 Generalmente ¿paga sus cuentas a tiempo (tarjeta de crédito, servicios, crédito, etcétera)?",1,C,p4_6_2,p4_6_2,"1...3,8,9",,,
Pregunta P4.6.3 Generalmente ¿prefiere gastar dinero que ahorrarlo para el futuro?,1,C,p4_6_3,p4_6_3,"1...3,8,9",,,
"Pregunta P4.6.4 Generalmente ¿se pone metas económicas a largo plazo y se esfuerza por alcanzarlas (comprar casa, ahorrar para el retiro, pagar vacaciones o fiestas, comenzar un negocio, etcétera)?",1,C,p4_6_4,p4_6_4,"1...3,8,9",,,
Pregunta P4.6.5 Generalmente ¿el manejo de sus ingresos y gastos controla su vida?,1,C,p4_6_5,p4_6_5,"1...3,8,9",,,
Pregunta P4.6.6 Generalmente ¿le sobra dinero a fin de mes?,1,C,p4_6_6,p4_6_6,"1...3,8,9",,,
"Pregunta P4.7.1 De las siguientes frases, por favor indíqueme si usted las considera verdaderas o falsas. La inflación significa que aumenta el precio de las cosas",1,C,p4_7_1,p4_7_1,"1,2,8,9",,,
"Pregunta P4.7.2 De las siguientes frases, por favor indíqueme si usted las considera verdaderas o falsas. Si alguien le ofrece la posibilidad de ganar dinero fácilmente, también lo puede perder fácilmente",1,C,p4_7_2,p4_7_2,"1,2,8,9",,,
"Pregunta P4.7.3 De las siguientes frases, por favor indíqueme si usted las considera verdaderas o falsas. Es mejor ahorrar el dinero en dos o más formas o lugares que en uno solo (una cuenta de ahorro, una tanda con familiares o personas conocidas, etcétera)",1,C,p4_7_3,p4_7_3,"1,2,8,9",,,
Pregunta P4.8.1 Ahora voy a leer algunas frases. Usted me responderá en qué grado o medida está de acuerdo o en desacuerdo (ENTREGUE LA TARJETA). Use las respuestas que vienen en la tarjeta. Suele pensar en el presente sin preocuparse por el futuro,1,C,p4_8_1,p4_8_1,"1...3,8,9",,,
Pregunta P4.8.2 Ahora voy a leer algunas frases. Usted me responderá en qué grado o medida está de acuerdo o en desacuerdo (ENTREGUE LA TARJETA).  Use las respuestas que vienen en la tarjeta. El dinero está para gastarse,1,C,p4_8_2,p4_8_2,"1...3,8,9",,,
Pregunta P4.8.3 Ahora voy a leer algunas frases. Usted me responderá en qué grado o medida está de acuerdo o en desacuerdo (ENTREGUE LA TARJETA). Use las respuestas que vienen en la tarjeta. Mantiene una revisión detallada del manejo de su dinero,1,C,p4_8_3,p4_8_3,"1...3,8,9",,,
"Pregunta P4.8.4 Ahora voy a leer algunas frases. Usted me responderá en qué grado o medida está de acuerdo o en desacuerdo (ENTREGUE LA TARJETA). Use las respuestas que vienen en la tarjeta. Dada su situación económica, siente que tendrá las cosas que desea",1,C,p4_8_4,p4_8_4,"1...3,8,9",,,
Pregunta P4.8.5 Ahora voy a leer algunas frases. Usted me responderá en qué grado o medida está de acuerdo o en desacuerdo (ENTREGUE LA TARJETA). Use las respuestas que vienen en la tarjeta. Le alcanza bien el dinero para cubrir sus gastos,1,C,p4_8_5,p4_8_5,"1...3,8,9",,,
Pregunta P4.8.6 Ahora voy a leer algunas frases. Usted me responderá en qué grado o medida está de acuerdo o en desacuerdo (ENTREGUE LA TARJETA). Use las respuestas que vienen en la tarjeta. Se siente tranquila(o) de que su dinero sea suficiente,1,C,p4_8_6,p4_8_6,"1...3,8,9",,,
"Pregunta P4.9.1 Si el día de hoy, se le presentara la oportunidad de comprar una casa, un terreno o abrir un negocio, ¿usted podría aprovecharla con sus ahorros?",1,C,p4_9_1,p4_9_1,"1,2",,,
"Pregunta P4.9.2 Si el día de hoy, se le presentara la oportunidad de comprar una casa, un terreno o abrir un negocio, ¿usted podría aprovecharla solicitando un crédito a un banco o institución financiera/ usando su tarjeta de crédito?",1,C,p4_9_2,p4_9_2,"1,2",,,
"Pregunta P4.9.3 Si el día de hoy, se le presentara la oportunidad de comprar una casa, un terreno o abrir un negocio, ¿usted podría aprovecharla vendiendo o empeñando algún bien?",1,C,p4_9_3,p4_9_3,"1,2",,,
"Pregunta P4.9.4 Si el día de hoy, se le presentara la oportunidad de comprar una casa, un terreno o abrir un negocio, ¿usted podría aprovecharla con el préstamo de familiares o amistades?",1,C,p4_9_4,p4_9_4,"1,2",,,
"Pregunta P4.10 Si usted dejara de recibir ingresos, ¿por cuánto tiempo podría cubrir sus gastos con sus ahorros?",1,C,p4_10,p4_10,"1...5,8,9",,,
"Pregunta P5.1.1 De julio de 2020 a la fecha, ¿usted ahorró prestando dinero?",1,C,p5_1_1,p5_1_1,"1,2",,,
"Pregunta P5.1.2 De julio de 2020 a la fecha, ¿usted ahorró comprando animales o bienes?",1,C,p5_1_2,p5_1_2,"1,2",,,
"Pregunta P5.1.3 De julio de 2020 a la fecha, ¿usted guardó dinero en una caja de ahorro del trabajo o de personas conocidas?",1,C,p5_1_3,p5_1_3,"1,2",,,
"Pregunta P5.1.4 De julio de 2020 a la fecha, ¿usted guardó dinero con familiares o personas conocidas?",1,C,p5_1_4,p5_1_4,"1,2",,,
"Pregunta P5.1.5 De julio de 2020 a la fecha, ¿usted participó en una tanda?",1,C,p5_1_5,p5_1_5,"1,2",,,
"Pregunta P5.1.6 De julio de 2020 a la fecha, ¿usted guardó dinero en su casa?",1,C,p5_1_6,p5_1_6,"1,2",,,
"Pregunta P5.2.1 El dinero que guardó o ahorró durante ese año, ¿en qué lo gastó o para qué piensa usarlo?",1,C,p5_2_1,p5_2_1,"1,2",,,
"Pregunta P5.2.2 El dinero que guardó o ahorró durante ese año, ¿en qué lo gastó o para qué piensa usarlo?",1,C,p5_2_2,p5_2_2,"1,2",,,
"Pregunta P5.2.3 El dinero que guardó o ahorró durante ese año, ¿en qué lo gastó o para qué piensa usarlo?",1,C,p5_2_3,p5_2_3,"1,2",,,
"Pregunta P5.2.4 El dinero que guardó o ahorró durante ese año, ¿en qué lo gastó o para qué piensa usarlo?",1,C,p5_2_4,p5_2_4,"1,2",,,
"Pregunta P5.2.5 El dinero que guardó o ahorró durante ese año, ¿en qué lo gastó o para qué piensa usarlo?",1,C,p5_2_5,p5_2_5,"1,2",,,
"Pregunta P5.2.6 El dinero que guardó o ahorró durante ese año, ¿en qué lo gastó o para qué piensa usarlo?",1,C,p5_2_6,p5_2_6,"1,2",,,
"Pregunta P5.2.7 El dinero que guardó o ahorró durante ese año, ¿en qué lo gastó o para qué piensa usarlo?",1,C,p5_2_7,p5_2_7,"1,2",,,
"Pregunta P5.2.8 El dinero que guardó o ahorró durante ese año, ¿en qué lo gastó o para qué piensa usarlo?",1,C,p5_2_8,p5_2_8,"1,2",,,
"Pregunta P5.2.9 El dinero que guardó o ahorró durante ese año, ¿en qué lo gastó o para qué piensa usarlo?",1,C,p5_2_9,p5_2_9,"1,2",,,
"Pregunta P5.3 Lo que me dice que ahorró de julio de 2020 a la fecha, ¿es igual o equivalente a lo que gana o recibe en…?",1,C,p5_3,p5_3,"1...4,9",,,
Pregunta P5.4.1 ¿Usted tiene cuenta o tarjeta de nómina (donde depositan su sueldo)?,1,C,p5_4_1,p5_4_1,"1,2",,,
Pregunta P5.5.1 ¿Cuántas(os) cuentas o tarjetas de nómina (donde depositan su sueldo) tiene?,1,C,p5_5_1,,1...9,,,
Pregunta P5.6.1 ¿Con su cuenta o tarjeta de nómina (donde depositan su sueldo) tiene tarjeta de débito (tarjeta de plástico con la que puede retirar dinero)?,1,C,p5_6_1,p5_6_1,"1,2",,,
"Pregunta P5.7.1 De julio de 2020 a la fecha, ¿usted guardó o ahorró en su cuenta o tarjeta de nómina (donde depositan su sueldo)?",1,C,p5_7_1,p5_7_1,"1,2",,,
Pregunta P5.4.2 ¿Usted tiene cuenta o tarjeta de pensión (donde depositan su pensión)?,1,C,p5_4_2,p5_4_2,"1,2",,,
Pregunta P5.5.2 ¿Cuántas(os) cuentas o tarjetas de pensión (donde depositan su pensión) tiene?,1,C,p5_5_2,,1...9,,,
Pregunta P5.6.2 ¿Con su cuenta o tarjeta de pensión (donde depositan su pensión) tiene tarjeta de débito (tarjeta de plástico con la que puede retirar dinero)?,1,C,p5_6_2,p5_6_2,"1,2",,,
"Pregunta P5.7.2 De julio de 2020 a la fecha, ¿usted guardó o ahorró en su cuenta o tarjeta de pensión (donde depositan su pensión)?",1,C,p5_7_2,p5_7_2,"1,2",,,
Pregunta P5.4.3 ¿Usted tiene cuenta o tarjeta para recibir apoyos de gobierno?,1,C,p5_4_3,p5_4_3,"1,2",,,
Pregunta P5.5.3 ¿Cuántas(os) cuentas o tarjetas para recibir apoyos de gobierno tiene?,1,C,p5_5_3,,1...9,,,
Pregunta P5.6.3 ¿Con su cuenta o tarjeta para recibir apoyos de gobierno tiene tarjeta de débito (tarjeta de plástico con la que puede retirar dinero)?,1,C,p5_6_3,p5_6_3,"1,2",,,
"Pregunta P5.7.3 De julio de 2020 a la fecha, ¿usted guardó o ahorró en su cuenta o tarjeta para recibir apoyos de gobierno?",1,C,p5_7_3,p5_7_3,"1,2",,,
Pregunta P5.4.4 ¿Usted tiene cuenta de ahorro?,1,C,p5_4_4,p5_4_4,"1,2",,,
Pregunta P5.5.4 ¿Cuántas(os) cuentas de ahorro tiene?,1,C,p5_5_4,,1...9,,,
Pregunta P5.6.4 ¿Con su cuenta de ahorro tiene tarjeta de débito (tarjeta de plástico con la que puede retirar dinero)?,1,C,p5_6_4,p5_6_4,"1,2",,,
"Pregunta P5.7.4 De julio de 2020 a la fecha, ¿usted guardó o ahorró en su cuenta de ahorro?",1,C,p5_7_4,p5_7_4,"1,2",,,
Pregunta P5.4.5 ¿Usted tiene cuenta de cheques?,1,C,p5_4_5,p5_4_5,"1,2",,,
Pregunta P5.5.5 ¿Cuántas(os) cuentas de cheques tiene?,1,C,p5_5_5,,1...9,,,
Pregunta P5.6.5 ¿Con su cuenta de cheques tiene tarjeta de débito (tarjeta de plástico con la que puede retirar dinero)?,1,C,p5_6_5,p5_6_5,"1,2",,,
"Pregunta P5.7.5 De julio de 2020 a la fecha, ¿usted guardó o ahorró en su cuenta de cheques?",1,C,p5_7_5,p5_7_5,"1,2",,,
Pregunta P5.4.6 ¿Usted tiene depósito a plazo fijo (sólo puede retirar en determinadas fechas)?,1,C,p5_4_6,p5_4_6,"1,2",,,
Pregunta P5.5.6 ¿Cuántas(os) depósitos a plazo fijo (sólo puede retirar en determinadas fechas) tiene?,1,C,p5_5_6,,1...9,,,
"Pregunta P5.7.6 De julio de 2020 a la fecha, ¿usted guardó o ahorró en su depósito a plazo fijo (sólo puede retirar en determinadas fechas)?",1,C,p5_7_6,p5_7_6,"1,2",,,
Pregunta P5.4.7 ¿Usted tiene fondo de inversión (tener acciones en casa de bolsa)?,1,C,p5_4_7,p5_4_7,"1,2",,,
Pregunta P5.5.7 ¿Cuántas(os) fondos de inversión (tener acciones en casa de bolsa) tiene?,1,C,p5_5_7,,1...9,,,
"Pregunta P5.7.7 De julio de 2020 a la fecha, ¿usted guardó o ahorró en su fondo de inversión (tener acciones en casa de bolsa)?",1,C,p5_7_7,p5_7_7,"1,2",,,
Pregunta P5.4.8 ¿Usted tiene cuenta contratada por Internet o aplicación como Mercado Pago o Albo?,1,C,p5_4_8,p5_4_8,"1,2",,,
Pregunta P5.5.8 ¿Cuántas(os) cuentas contratadas por Internet o aplicación como Mercado Pago o Albo tiene?,1,C,p5_5_8,,1...9,,,
Pregunta P5.6.8 ¿Con su cuenta contratada por Internet o aplicación como Mercado Pago o Albo tiene tarjeta de débito (tarjeta de plástico con la que puede retirar dinero)?,1,C,p5_6_8,p5_6_8,"1,2",,,
"Pregunta P5.7.8 De julio de 2020 a la fecha, ¿usted guardó o ahorró en su cuenta contratada por Internet o aplicación como Mercado Pago o Albo?",1,C,p5_7_8,p5_7_8,"1,2",,,
Pregunta P5.4.9 ¿Usted tiene otro?,1,C,p5_4_9,p5_4_9,"1,2",,,
Pregunta P5.5.9 ¿Cuántas(os) otros tiene?,1,C,p5_5_9,,1...9,,,
Pregunta P5.6.9 ¿Con su otro tiene tarjeta de débito (tarjeta de plástico con la que puede retirar dinero)?,1,C,p5_6_9,p5_6_9,"1,2",,,
"Pregunta P5.7.9 De julio de 2020 a la fecha, ¿usted guardó o ahorró en su otro?",1,C,p5_7_9,p5_7_9,"1,2",,,
Pregunta P5.8.01 ¿Cuáles son las razones principales por las que adquirió esta(s) cuenta(s)?,1,C,p5_8_01,p5_8_01,"1,2",,,
Pregunta P5.8.02 ¿Cuáles son las razones principales por las que adquirió esta(s) cuenta(s)?,1,C,p5_8_02,p5_8_02,"1,2",,,
Pregunta P5.8.03 ¿Cuáles son las razones principales por las que adquirió esta(s) cuenta(s)?,1,C,p5_8_03,p5_8_03,"1,2",,,
Pregunta P5.8.04 ¿Cuáles son las razones principales por las que adquirió esta(s) cuenta(s)?,1,C,p5_8_04,p5_8_04,"1,2",,,
Pregunta P5.8.05 ¿Cuáles son las razones principales por las que adquirió esta(s) cuenta(s)?,1,C,p5_8_05,p5_8_05,"1,2",,,
Pregunta P5.8.06 ¿Cuáles son las razones principales por las que adquirió esta(s) cuenta(s)?,1,C,p5_8_06,p5_8_06,"1,2",,,
Pregunta P5.8.07 ¿Cuáles son las razones principales por las que adquirió esta(s) cuenta(s)?,1,C,p5_8_07,p5_8_07,"1,2",,,
Pregunta P5.8.08 ¿Cuáles son las razones principales por las que adquirió esta(s) cuenta(s)?,1,C,p5_8_08,p5_8_08,"1,2",,,
Pregunta P5.8.09 ¿Cuáles son las razones principales por las que adquirió esta(s) cuenta(s)?,1,C,p5_8_09,p5_8_09,"1,2",,,
Pregunta P5.8.10 ¿Cuáles son las razones principales por las que adquirió esta(s) cuenta(s)?,1,C,p5_8_10,p5_8_10,"1,2",,,
Pregunta FILTRO.1.SECC5 ¿Guardo dinero en alguna cuenta (5.7 = 1 en cualquier opción)?,1,C,filtro_1_secc5,filtro_1_secc5,"1,2",,,
"Pregunta P5.9.01 Me dijo que sí guardó o ahorró dinero de julio de 2020 a la fecha, por favor dígame, ¿en qué usó o piensa usar ese dinero?",1,C,p5_9_01,p5_9_01,"1,2",,,
"Pregunta P5.9.02 Me dijo que sí guardó o ahorró dinero de julio de 2020 a la fecha, por favor dígame, ¿en qué usó o piensa usar ese dinero?",1,C,p5_9_02,p5_9_02,"1,2",,,
"Pregunta P5.9.03 Me dijo que sí guardó o ahorró dinero de julio de 2020 a la fecha, por favor dígame, ¿en qué usó o piensa usar ese dinero?",1,C,p5_9_03,p5_9_03,"1,2",,,
"Pregunta P5.9.04 Me dijo que sí guardó o ahorró dinero de julio de 2020 a la fecha, por favor dígame, ¿en qué usó o piensa usar ese dinero?",1,C,p5_9_04,p5_9_04,"1,2",,,
"Pregunta P5.9.05 Me dijo que sí guardó o ahorró dinero de julio de 2020 a la fecha, por favor dígame, ¿en qué usó o piensa usar ese dinero?",1,C,p5_9_05,p5_9_05,"1,2",,,
"Pregunta P5.9.06 Me dijo que sí guardó o ahorró dinero de julio de 2020 a la fecha, por favor dígame, ¿en qué usó o piensa usar ese dinero?",1,C,p5_9_06,p5_9_06,"1,2",,,
"Pregunta P5.9.07 Me dijo que sí guardó o ahorró dinero de julio de 2020 a la fecha, por favor dígame, ¿en qué usó o piensa usar ese dinero?",1,C,p5_9_07,p5_9_07,"1,2",,,
"Pregunta P5.9.08 Me dijo que sí guardó o ahorró dinero de julio de 2020 a la fecha, por favor dígame, ¿en qué usó o piensa usar ese dinero?",1,C,p5_9_08,p5_9_08,"1,2",,,
"Pregunta P5.9.09 Me dijo que sí guardó o ahorró dinero de julio de 2020 a la fecha, por favor dígame, ¿en qué usó o piensa usar ese dinero?",1,C,p5_9_09,p5_9_09,"1,2",,,
"Pregunta P5.10 Lo que usted ahorró en esta(s) cuenta(s) de julio de 2020 a la fecha, ¿es igual o equivalente a lo que gana o recibe en…?",1,C,p5_10,p5_10,"1...4,9",,,
Pregunta FILTRO.2.SECC5 ¿Tiene cuenta o tarjeta de nómina (5.4.1 = 1)?,1,C,filtro_2_secc5,filtro_2_secc5,"1,2",,,
Pregunta P5.11 ¿Sabe usted que puede cambiar su cuenta o tarjeta de nómina al banco que prefiera de forma gratuita?,1,C,p5_11,p5_11,"1,2",,,
Pregunta FILTRO.3.SECC5 ¿Tiene tarjeta de débito (5.6 = 1 en cualquier opción)?,1,C,filtro_3_secc5,filtro_3_secc5,"1,2",,,
"Pregunta P5.12 Generalmente, ¿cuántas veces al mes utiliza su tarjeta de débito para pagar compras en estacionamientos comerciales, tiendas o restaurantes?",2,C,p5_12,p5_12,00...88,,,
Pregunta P5.13 ¿Cuál es la razón principal por la que no utiliza su tarjeta de débito para hacer compras o pagos?,2,C,p5_13,p5_13,01...10,,,
Pregunta P5.14 ¿Cuál es la razón principal por la que prefiere pagar sus compras en efectivo?,1,C,p5_14,p5_14,1...7,,,
Pregunta FILTRO.4.SECC5 ¿El Único producto de ahorro que tiene es la cuenta de apoyo de gobierno (5.4.3=1 y resto de opciones=2)?,1,C,filtro_4_secc5,filtro_4_secc5,"1,2",,,
"Pregunta P5.15 Antes de contratar su (última) cuenta, ¿usted la comparó con otros productos, en otros bancos o en otras instituciones financieras?",1,C,p5_15,p5_15,"1,2",,,
"Pregunta P5.16.1 Para comparar su cuenta, ¿utilizó información proporcionada por el banco o institución financiera (sucursales, portal de internet del banco o institución, etcétera)?",1,C,p5_16_1,p5_16_1,"1,2",,,
"Pregunta P5.16.2 Para comparar su cuenta, ¿utilizó recomendaciones de amistades o personas conocidas?",1,C,p5_16_2,p5_16_2,"1,2",,,
"Pregunta P5.16.3 Para comparar su cuenta, ¿utilizó sitios o páginas de instituciones como Condusef o Banco de México?",1,C,p5_16_3,p5_16_3,"1,2",,,
"Pregunta P5.16.4 Para comparar su cuenta, ¿utilizó anuncios comerciales de bancos o instituciones financieras?",1,C,p5_16_4,p5_16_4,"1,2",,,
"Pregunta P5.16.5 Para comparar su cuenta, ¿utilizó recomendación de especialistas o analistas?",1,C,p5_16_5,p5_16_5,"1,2",,,
Pregunta P5.17 ¿Usted contrató su (última) cuenta…?,1,C,p5_17,p5_17,"1...7,9",,,
Pregunta P5.18.01 ¿Con cuál(es) institución(es) o banco(s) tiene la(s) cuenta(s) que contrató?,1,C,p5_18_01,p5_18_01,"1,2",,,
Pregunta P5.18.02 ¿Con cuál(es) institución(es) o banco(s) tiene la(s) cuenta(s) que contrató?,1,C,p5_18_02,p5_18_02,"1,2",,,
Pregunta P5.18.03 ¿Con cuál(es) institución(es) o banco(s) tiene la(s) cuenta(s) que contrató?,1,C,p5_18_03,p5_18_03,"1,2",,,
Pregunta P5.18.04 ¿Con cuál(es) institución(es) o banco(s) tiene la(s) cuenta(s) que contrató?,1,C,p5_18_04,p5_18_04,"1,2",,,
Pregunta P5.18.05 ¿Con cuál(es) institución(es) o banco(s) tiene la(s) cuenta(s) que contrató?,1,C,p5_18_05,p5_18_05,"1,2",,,
Pregunta P5.18.06 ¿Con cuál(es) institución(es) o banco(s) tiene la(s) cuenta(s) que contrató?,1,C,p5_18_06,p5_18_06,"1,2",,,
Pregunta P5.18.07 ¿Con cuál(es) institución(es) o banco(s) tiene la(s) cuenta(s) que contrató?,1,C,p5_18_07,p5_18_07,"1,2",,,
Pregunta P5.18.08 ¿Con cuál(es) institución(es) o banco(s) tiene la(s) cuenta(s) que contrató?,1,C,p5_18_08,p5_18_08,"1,2",,,
Pregunta P5.18.09 ¿Con cuál(es) institución(es) o banco(s) tiene la(s) cuenta(s) que contrató?,1,C,p5_18_09,p5_18_09,"1,2",,,
Pregunta P5.18.10 ¿Con cuál(es) institución(es) o banco(s) tiene la(s) cuenta(s) que contrató?,1,C,p5_18_10,p5_18_10,"1,2",,,
Pregunta P5.18.11 ¿Con cuál(es) institución(es) o banco(s) tiene la(s) cuenta(s) que contrató?,1,C,p5_18_11,p5_18_11,"1,2",,,
Pregunta P5.18.12 ¿Con cuál(es) institución(es) o banco(s) tiene la(s) cuenta(s) que contrató?,1,C,p5_18_12,p5_18_12,"1,2",,,
Pregunta P5.18.99 ¿Con cuál(es) institución(es) o banco(s) tiene la(s) cuenta(s) que contrató?,1,C,p5_18_99,p5_18_99,"1,2",,,
"Pregunta P5.19.1 En general, ¿qué medios utiliza para consultar o hacer movimientos en su(s) cuenta(s)?",1,C,p5_19_1,p5_19_1,"1,2",,,
"Pregunta P5.19.2 En general, ¿qué medios utiliza para consultar o hacer movimientos en su(s) cuenta(s)?",1,C,p5_19_2,p5_19_2,"1,2",,,
"Pregunta P5.19.3 En general, ¿qué medios utiliza para consultar o hacer movimientos en su(s) cuenta(s)?",1,C,p5_19_3,p5_19_3,"1,2",,,
"Pregunta P5.19.4 En general, ¿qué medios utiliza para consultar o hacer movimientos en su(s) cuenta(s)?",1,C,p5_19_4,p5_19_4,"1,2",,,
"Pregunta P5.19.5 En general, ¿qué medios utiliza para consultar o hacer movimientos en su(s) cuenta(s)?",1,C,p5_19_5,p5_19_5,"1,2",,,
"Pregunta P5.19.6 En general, ¿qué medios utiliza para consultar o hacer movimientos en su(s) cuenta(s)?",1,C,p5_19_6,p5_19_6,"1,2",,,
"Pregunta P5.19.7 En general, ¿qué medios utiliza para consultar o hacer movimientos en su(s) cuenta(s)?",1,C,p5_19_7,p5_19_7,"1,2",,,
"Pregunta P5.19.9 En general, ¿qué medios utiliza para consultar o hacer movimientos en su(s) cuenta(s)?",1,C,p5_19_9,p5_19_9,"1,2",,,
"Pregunta P5.20 ¿Alguna vez tuvo una cuenta o tarjeta de banco, institución financiera o de apoyo de gobierno?",1,C,p5_20,p5_20,"1,2",,,
Pregunta P5.21 ¿Cuál es la razón principal por la que no tiene una cuenta o tarjeta?,2,C,p5_21,p5_21,"01...10,99",,,
Pregunta P5.22 ¿Cuál es la razón principal por la que dejó de tener su cuenta o tarjeta?,2,C,p5_22,p5_22,"01...10,99",,,
"Pregunta P5.23 Los bancos o instituciones financieras como todas las empresas pueden cerrar o quebrar, ¿sabe si en ese caso los ahorros estarían protegidos?",1,C,p5_23,p5_23,"1,2",,,
Pregunta P5.24 ¿Me podría decir el nombre de la institución que los asegura o protege?,1,C,p5_24,p5_24,"1...3,9",,,
"Pregunta P6.1.1 De julio de 2020 a la fecha, ¿pidió prestado en una caja de ahorro del trabajo o de personas conocidas?",1,C,p6_1_1,p6_1_1,"1,2",,,
"Pregunta P6.1.2 De julio de 2020 a la fecha, ¿pidió prestado en una casa de empeño?",1,C,p6_1_2,p6_1_2,"1,2",,,
"Pregunta P6.1.3 De julio de 2020 a la fecha, ¿pidió prestado a sus amistades o personas conocidas?",1,C,p6_1_3,p6_1_3,"1,2",,,
"Pregunta P6.1.4 De julio de 2020 a la fecha, ¿pidió prestado a sus familiares?",1,C,p6_1_4,p6_1_4,"1,2",,,
"Pregunta P6.1.5 De julio de 2020 a la fecha, ¿pidió prestado otro?",1,C,p6_1_5,p6_1_5,"1,2",,,
Pregunta P6.2.1 ¿Usted tiene tarjeta de crédito departamental o de tienda de autoservicio?,1,C,p6_2_1,p6_2_1,"1,2",,,
Pregunta P6.3.1 ¿Cuántas(os) tarjetas de crédito departamental o de tienda de autoservicio tiene?,1,C,p6_3_1,,1...9,,,
"Pregunta P6.4.1 De julio de 2020 a la fecha, ¿se atrasó en el pago de su tarjeta de crédito departamental o de tienda de autoservicio?",1,C,p6_4_1,p6_4_1,"1,2,8,9",,,
"Pregunta P6.4a.1 De julio de 2020 a la fecha, ¿se atrasó en el pago de su tarjeta de crédito departamental o de tienda de autoservicio?",1,C,p6_4a_1,p6_4a_1,"1,2",,,
Pregunta P6.2.2 ¿Usted tiene tarjeta de crédito bancaria?,1,C,p6_2_2,p6_2_2,"1,2",,,
Pregunta P6.3.2 ¿Cuántas(os) tarjetas de crédito bancaria tiene?,1,C,p6_3_2,,1...9,,,
"Pregunta P6.4.2 De julio de 2020 a la fecha, ¿se atrasó en el pago de su tarjeta de crédito bancaria?",1,C,p6_4_2,p6_4_2,"1,2,8,9",,,
"Pregunta P6.4a.2 De julio de 2020 a la fecha, ¿se atrasó en el pago de su tarjeta de crédito bancaria?",1,C,p6_4a_2,p6_4a_2,"1,2",,,
Pregunta P6.2.3 ¿Usted tiene crédito de nómina?,1,C,p6_2_3,p6_2_3,"1,2",,,
Pregunta P6.3.3 ¿Cuántas(os) crédito de nómina de un banco o institución financiera tiene?,1,C,p6_3_3,,1...9,,,
"Pregunta P6.4.3 De julio de 2020 a la fecha, ¿se atrasó en el pago de su crédito de nómina de un banco o institución financiera?",1,C,p6_4_3,p6_4_3,"1,2,8,9",,,
"Pregunta P6.4a.3 De julio de 2020 a la fecha, ¿se atrasó en el pago de su crédito de nómina de un banco o institución financiera?",1,C,p6_4a_3,p6_4a_3,"1,2",,,
Pregunta P6.2.4 ¿Usted tiene crédito personal?,1,C,p6_2_4,p6_2_4,"1,2",,,
Pregunta P6.3.4 ¿Cuántas(os) créditos personales tiene?,1,C,p6_3_4,,1...9,,,
"Pregunta P6.4.4 De julio de 2020 a la fecha, ¿se atrasó en el pago de su crédito personal?",1,C,p6_4_4,p6_4_4,"1,2,8,9",,,
"Pregunta P6.4a.4 De julio de 2020 a la fecha, ¿se atrasó en el pago de su crédito personal?",1,C,p6_4a_4,p6_4a_4,"1,2",,,
Pregunta P6.2.5 ¿Usted tiene crédito automotriz?,1,C,p6_2_5,p6_2_5,"1,2",,,
Pregunta P6.3.5 ¿Cuántas(os) créditos automotriz tiene?,1,C,p6_3_5,,1...9,,,
"Pregunta P6.4.5 De julio de 2020 a la fecha, ¿se atrasó en el pago de su crédito automotriz?",1,C,p6_4_5,p6_4_5,"1,2,8,9",,,
"Pregunta P6.4a.5 De julio de 2020 a la fecha, ¿se atrasó en el pago de su crédito automotriz?",1,C,p6_4a_5,p6_4a_5,"1,2",,,
"Pregunta P6.2.6 ¿Usted tiene crédito de vivienda como INFONAVIT, FOVISSSTE, banco u otra institución?",1,C,p6_2_6,p6_2_6,"1,2",,,
"Pregunta P6.3.6 ¿Cuántas(os) créditos de vivienda como INFONAVIT, FOVISSSTE, banco u otra institución tiene?",1,C,p6_3_6,,1...9,,,
"Pregunta P6.4.6 De julio de 2020 a la fecha, ¿se atrasó en el pago de su crédito de vivienda como INFONAVIT, FOVISSSTE, banco u otra institución?",1,C,p6_4_6,p6_4_6,"1,2,8,9",,,
"Pregunta P6.4a.6 De julio de 2020 a la fecha, ¿se atrasó en el pago de su crédito de vivienda como INFONAVIT, FOVISSSTE, banco u otra institución?",1,C,p6_4a_6,p6_4a_6,"1,2",,,
"Pregunta P6.2.7 ¿Usted tiene crédito grupal, comunal o solidario (como el de Compartamos)?",1,C,p6_2_7,p6_2_7,"1,2",,,
"Pregunta P6.3.7 ¿Cuántas(os) créditos grupales, comunales o solidarios (como el de Compartamos) tiene?",1,C,p6_3_7,,1...9,,,
"Pregunta P6.4.7 De julio de 2020 a la fecha, ¿se atrasó en el pago de su crédito grupal, comunal o solidario (como el de Compartamos)?",1,C,p6_4_7,p6_4_7,"1,2,8,9",,,
"Pregunta P6.4a.7 De julio de 2020 a la fecha, ¿se atrasó en el pago de su crédito grupal, comunal o solidario (como el de Compartamos)?",1,C,p6_4a_7,p6_4a_7,"1,2",,,
"Pregunta P6.2.8 ¿Usted tiene crédito contratado por Internet o aplicación como Prestadero, Doopla o Playbusiness?",1,C,p6_2_8,p6_2_8,"1,2",,,
"Pregunta P6.3.8 ¿Cuántas(os) créditos contratados por Internet o aplicación como Prestadero, Doopla o Playbusiness tiene?",1,C,p6_3_8,,1...9,,,
"Pregunta P6.4.8 De julio de 2020 a la fecha, ¿se atrasó en el pago de su crédito contratado por Internet o aplicación como Prestadero, Doopla o Playbusiness?",1,C,p6_4_8,p6_4_8,"1,2,8,9",,,
"Pregunta P6.4a.8 De julio de 2020 a la fecha, ¿se atrasó en el pago de su crédito contratado por Internet o aplicación como Prestadero, Doopla o Playbusiness?",1,C,p6_4a_8,p6_4a_8,"1,2",,,
Pregunta P6.2.9 ¿Usted tiene otro?,1,C,p6_2_9,p6_2_9,"1,2",,,
Pregunta P6.3.9 ¿Cuántas(os) otros tiene?,1,C,p6_3_9,,1...9,,,
"Pregunta P6.4.9 De julio de 2020 a la fecha, ¿se atrasó en el pago de su otro?",1,C,p6_4_9,p6_4_9,"1,2,8,9",,,
"Pregunta P6.4a.9 De julio de 2020 a la fecha, ¿se atrasó en el pago de su otro?",1,C,p6_4a_9,p6_4a_9,"1,2",,,
"Pregunta P6.5 Respecto al (último) crédito que contrató, ¿usted utilizó la información del Costo Anual Total (CAT) para tomar su decisión?",1,C,p6_5,p6_5,"1,2",,,
"Pregunta P6.6 Tomando en cuenta todas las deudas que usted tiene, ¿considera…?",1,C,p6_6,p6_6,"1...4,9",,,
Pregunta P6.7 ¿Usted contrató su (último) crédito o tarjeta de crédito…?,1,C,p6_7,p6_7,"1...6,9",,,
Pregunta P6.8.01 ¿Con cuál(es) institución(es) o banco(s) tiene el (los) crédito(s) o tarjeta(s) de crédito que contrató?,1,C,p6_8_01,p6_8_01,"1,2",,,
Pregunta P6.8.02 ¿Con cuál(es) institución(es) o banco(s) tiene el (los) crédito(s) o tarjeta(s) de crédito que contrató?,1,C,p6_8_02,p6_8_02,"1,2",,,
Pregunta P6.8.03 ¿Con cuál(es) institución(es) o banco(s) tiene el (los) crédito(s) o tarjeta(s) de crédito que contrató?,1,C,p6_8_03,p6_8_03,"1,2",,,
Pregunta P6.8.04 ¿Con cuál(es) institución(es) o banco(s) tiene el (los) crédito(s) o tarjeta(s) de crédito que contrató?,1,C,p6_8_04,p6_8_04,"1,2",,,
Pregunta P6.8.05 ¿Con cuál(es) institución(es) o banco(s) tiene el (los) crédito(s) o tarjeta(s) de crédito que contrató?,1,C,p6_8_05,p6_8_05,"1,2",,,
Pregunta P6.8.06 ¿Con cuál(es) institución(es) o banco(s) tiene el (los) crédito(s) o tarjeta(s) de crédito que contrató?,1,C,p6_8_06,p6_8_06,"1,2",,,
Pregunta P6.8.07 ¿Con cuál(es) institución(es) o banco(s) tiene el (los) crédito(s) o tarjeta(s) de crédito que contrató?,1,C,p6_8_07,p6_8_07,"1,2",,,
Pregunta P6.8.08 ¿Con cuál(es) institución(es) o banco(s) tiene el (los) crédito(s) o tarjeta(s) de crédito que contrató?,1,C,p6_8_08,p6_8_08,"1,2",,,
Pregunta P6.8.09 ¿Con cuál(es) institución(es) o banco(s) tiene el (los) crédito(s) o tarjeta(s) de crédito que contrató?,1,C,p6_8_09,p6_8_09,"1,2",,,
Pregunta P6.8.10 ¿Con cuál(es) institución(es) o banco(s) tiene el (los) crédito(s) o tarjeta(s) de crédito que contrató?,1,C,p6_8_10,p6_8_10,"1,2",,,
Pregunta P6.8.11 ¿Con cuál(es) institución(es) o banco(s) tiene el (los) crédito(s) o tarjeta(s) de crédito que contrató?,1,C,p6_8_11,p6_8_11,"1,2",,,
Pregunta P6.8.12 ¿Con cuál(es) institución(es) o banco(s) tiene el (los) crédito(s) o tarjeta(s) de crédito que contrató?,1,C,p6_8_12,p6_8_12,"1,2",,,
Pregunta P6.8.13 ¿Con cuál(es) institución(es) o banco(s) tiene el (los) crédito(s) o tarjeta(s) de crédito que contrató?,1,C,p6_8_13,p6_8_13,"1,2",,,
Pregunta P6.8.99 ¿Con cuál(es) institución(es) o banco(s) tiene el (los) crédito(s) o tarjeta(s) de crédito que contrató?,1,C,p6_8_99,p6_8_99,"1,2",,,
Pregunta FILTRO.1.SECC6 ¿Tiene tarjeta de crédito departamental o bancaria (6.2.1=1 o 6.2.2=1)?,1,C,filtro_1_secc6,filtro_1_secc6,"1,2",,,
"Pregunta P6.9 Generalmente, ¿cuántas veces al mes utiliza su tarjeta de crédito bancaria o departamental?",2,C,p6_9,p6_9,00...88,,,
Pregunta P6.10 ¿Cuál es la razón principal por la que no utiliza su(s) tarjeta(s) de crédito bancaria(s) o departamental(es)?,1,C,p6_10,p6_10,1...8,,,
"Pregunta P6.11 Antes de contratar su (último) crédito, ¿usted lo comparó con otros productos, en otros bancos o en otras instituciones financieras?",1,C,p6_11,p6_11,"1,2",,,
"Pregunta P6.12.1 Para comparar su crédito, ¿utilizó información proporcionada por el banco o institución financiera (sucursales, portal de internet del banco o institución, etcétera)?",1,C,p6_12_1,p6_12_1,"1,2",,,
"Pregunta P6.12.2 Para comparar su crédito, ¿utilizó recomendación de amistades o personas conocidas?",1,C,p6_12_2,p6_12_2,"1,2",,,
"Pregunta P6.12.3 Para comparar su crédito, ¿utilizó sitios o páginas de instituciones como Condusef o Banco de México?",1,C,p6_12_3,p6_12_3,"1,2",,,
"Pregunta P6.12.4 Para comparar su crédito, ¿utilizó anuncios comerciales de bancos o instituciones financieras?",1,C,p6_12_4,p6_12_4,"1,2",,,
"Pregunta P6.12.5 Para comparar su crédito, ¿utilizó recomendación de especialistas o analistas?",1,C,p6_12_5,p6_12_5,"1,2",,,
Pregunta P6.13 ¿Usted ha traspasado el saldo de su crédito o tarjeta de crédito a otro banco o institución financiera?,1,C,p6_13,p6_13,"1,2",,,
"Pregunta P6.14 ¿Alguna vez tuvo un préstamo, crédito o tarjeta de crédito en un banco, tienda o institución financiera?",1,C,p6_14,p6_14,"1,2",,,
"Pregunta P6.15 ¿Cuál es la razón principal por la que nunca ha tenido un préstamo, crédito o tarjeta de crédito?",1,C,p6_15,p6_15,1...9,,,
Pregunta P6.16 ¿Cuál es la razón principal por la que dejó de tener un crédito o tarjeta de crédito?,1,C,p6_16,p6_16,1...8,,,
Pregunta P6.17 ¿Alguna vez le han rechazado una solicitud de crédito?,1,C,p6_17,p6_17,1...3,,,
Pregunta P6.18.1 ¿Cuáles son las razones por las que le negaron el crédito?,1,C,p6_18_1,p6_18_1,"1,2",,,
Pregunta P6.18.2 ¿Cuáles son las razones por las que le negaron el crédito?,1,C,p6_18_2,p6_18_2,"1,2",,,
Pregunta P6.18.3 ¿Cuáles son las razones por las que le negaron el crédito?,1,C,p6_18_3,p6_18_3,"1,2",,,
Pregunta P6.18.4 ¿Cuáles son las razones por las que le negaron el crédito?,1,C,p6_18_4,p6_18_4,"1,2",,,
Pregunta P6.18.5 ¿Cuáles son las razones por las que le negaron el crédito?,1,C,p6_18_5,p6_18_5,"1,2",,,
Pregunta P6.18.6 ¿Cuáles son las razones por las que le negaron el crédito?,1,C,p6_18_6,p6_18_6,"1,2",,,
Pregunta P6.18.9 ¿Cuáles son las razones por las que le negaron el crédito?,1,C,p6_18_9,p6_18_9,"1,2",,,
Pregunta P7.1.1 ¿Qué forma de pago utiliza con más frecuencia cuando realiza compras de 500 pesos o menos?,1,C,p7_1_1,p7_1_1,1...9,,,
Pregunta P7.1.2 ¿Qué forma de pago utiliza con más frecuencia cuando realiza compras de 501 pesos o más?,1,C,p7_1_2,p7_1_2,1...9,,,
Pregunta P7.2 ¿Conoce o ha escuchado del Cobro digital o CoDi?,1,C,p7_2,p7_2,"1,2,9",,,
Pregunta P7.3 ¿Lo ha utilizado?,1,C,p7_3,p7_3,"1,2",,,
"Pregunta P7.4 En caso de que usted recibiera un pago o envío de dinero, ¿preferiría recibirlo en una cuenta de ahorro o en efectivo?",1,C,p7_4,p7_4,"1,2",,,
"Pregunta P7.5 De julio de 2020 a la fecha, ¿usted ha recibido dinero de familiares o personas conocidas que viven en otro país?",1,C,p7_5,p7_5,"1,2",,,
Pregunta P7.6 ¿Usted recibe el dinero que le envían…?,1,C,p7_6,p7_6,1...3,,,
"Pregunta P7.7.1 De abril del 2021 a la fecha, ¿usted realizó compras (pagos) en mercados o tienditas?",1,C,p7_7_1,p7_7_1,"1,2",,,
"Pregunta P7.8.1.1 Le voy a dar esta tarjeta (ENTREGUE TARJETA). De las opciones listadas, usted me indicará si las usó como forma de pago en las preguntas que le haré a continuación. ¿Dígame cuáles utilizó para pagar en mercados o tienditas? Transferencia electrónica o aplicación de celular",1,C,p7_8_1_1,p7_8_1_1,"1,2",,,
"Pregunta P7.8.1.2 Le voy a dar esta tarjeta (ENTREGUE TARJETA). De las opciones listadas, usted me indicará si las usó como forma de pago en las preguntas que le haré a continuación. ¿Dígame cuáles utilizó para pagar en mercados o tienditas? Tarjeta de débito o crédito (uso físico en la tienda o servicio)",1,C,p7_8_1_2,p7_8_1_2,"1,2",,,
"Pregunta P7.8.1.3 Le voy a dar esta tarjeta (ENTREGUE TARJETA). De las opciones listadas, usted me indicará si las usó como forma de pago en las preguntas que le haré a continuación. ¿Dígame cuáles utilizó para pagar en mercados o tienditas? Efectivo",1,C,p7_8_1_3,p7_8_1_3,"1,2",,,
"Pregunta P7.7.2 De abril del 2021 a la fecha, ¿usted realizó compras (pagos) en supermercados, tiendas de autoservicio, farmacias o tiendas departamentales?",1,C,p7_7_2,p7_7_2,"1,2",,,
"Pregunta P7.8.2.1 Le voy a dar esta tarjeta (ENTREGUE TARJETA). De las opciones listadas, usted me indicará si las usó como forma de pago en las preguntas que le haré a continuación. ¿Dígame cuáles utilizó para pagar en supermercados, tiendas de autoservicio, farmacias o tiendas departamentales? Transferencia electrónica o aplicación de celular",1,C,p7_8_2_1,p7_8_2_1,"1,2",,,
"Pregunta P7.8.2.2 Le voy a dar esta tarjeta (ENTREGUE TARJETA). De las opciones listadas, usted me indicará si las usó como forma de pago en las preguntas que le haré a continuación. ¿Dígame cuáles utilizó para pagar en supermercados, tiendas de autoservicio, farmacias o tiendas departamentales? Tarjeta de débito o crédito (uso físico en la tienda o servicio)",1,C,p7_8_2_2,p7_8_2_2,"1,2",,,
"Pregunta P7.8.2.3 Le voy a dar esta tarjeta (ENTREGUE TARJETA). De las opciones listadas, usted me indicará si las usó como forma de pago en las preguntas que le haré a continuación. ¿Dígame cuáles utilizó para pagar en supermercados, tiendas de autoservicio, farmacias o tiendas departamentales? Efectivo",1,C,p7_8_2_3,p7_8_2_3,"1,2",,,
"Pregunta P7.7.3 De abril del 2021 a la fecha, ¿usted realizó compras (pagos) de servicios públicos o privados como agua, luz, internet, entre otros?",1,C,p7_7_3,p7_7_3,"1,2",,,
"Pregunta P7.8.3.1 Le voy a dar esta tarjeta (ENTREGUE TARJETA). De las opciones listadas, usted me indicará si las usó como forma de pago en las preguntas que le haré a continuación. ¿Dígame cuáles utilizó para pagar servicios públicos o privados como agua, luz, internet, entre otros? Transferencia electrónica o aplicación celular",1,C,p7_8_3_1,p7_8_3_1,"1,2",,,
"Pregunta P7.8.3.2 Le voy a dar esta tarjeta (ENTREGUE TARJETA). De las opciones listadas, usted me indicará si las usó como forma de pago en las preguntas que le haré a continuación. ¿Dígame cuáles utilizó para pagar servicios públicos o privados como agua, luz, internet, entre otros)? Tarjeta de débito o crédito (uso físico en la tienda o servicio)",1,C,p7_8_3_2,p7_8_3_2,"1,2",,,
"Pregunta P7.8.3.3 Le voy a dar esta tarjeta (ENTREGUE TARJETA). De las opciones listadas, usted me indicará si las usó como forma de pago en las preguntas que le haré a continuación. ¿Dígame cuáles utilizó para pagar servicios públicos o privados como agua, luz, internet, entre otros? Efectivo",1,C,p7_8_3_3,p7_8_3_3,"1,2",,,
"Pregunta P7.7.4 De abril del 2021 a la fecha, ¿usted realizó compras (pagos) de transporte público o privado como taxis, Uber, Didi, camión, metro, entre otros?",1,C,p7_7_4,p7_7_4,"1,2",,,
"Pregunta P7.8.4.1 Le voy a dar esta tarjeta (ENTREGUE TARJETA). De las opciones listadas, usted me indicará si las usó como forma de pago en las preguntas que le haré a continuación. ¿Dígame cuáles utilizó para pagar transporte público o privado como taxis, Uber, Didi, camión, metro, entre otros? Transferencia electrónica o aplicación de celular",1,C,p7_8_4_1,p7_8_4_1,"1,2",,,
"Pregunta P7.8.4.2 Le voy a dar esta tarjeta (ENTREGUE TARJETA). De las opciones listadas, usted me indicará si las usó como forma de pago en las preguntas que le haré a continuación. ¿Dígame cuáles utilizó para pagar transporte público o privado como taxis, Uber, Didi, camión, metro, entre otros? Tarjeta de débito o crédito (uso físico en la tienda o servicio)",1,C,p7_8_4_2,p7_8_4_2,"1,2",,,
"Pregunta P7.8.4.3 Le voy a dar esta tarjeta (ENTREGUE TARJETA). De las opciones listadas, usted me indicará si las usó como forma de pago en las preguntas que le haré a continuación. ¿Dígame cuáles utilizó para pagar transporte público o privado como taxis, Uber, Didi, camión, metro, entre otros? Efectivo",1,C,p7_8_4_3,p7_8_4_3,"1,2",,,
"Pregunta P8.1 ¿Usted tiene algún seguro de auto, de casa, de vida, de gastos médicos u otro (sin considerar el Seguro Popular, INSABI (Instituto de Salud para el Bienestar), IMSS o ISSSTE)?",1,C,p8_1,p8_1,"1,2,9",,,
"Pregunta P8.2 ¿Usted tiene un seguro del programa Bienestar de Hijos de Madres Trabajadoras, antes Seguro de vida para Jefas de Familia?",1,C,p8_2,p8_2,"1,2,9",,,
"Pregunta P8.3 ¿Alguna vez tuvo un seguro de auto, casa, de vida, gastos médicos u otro?",1,C,p8_3,p8_3,"1,2,9",,,
Pregunta P8.4 ¿Cuál es la razón principal por la que no dispone de algún seguro?,1,C,p8_4,p8_4,1...8,,,
Pregunta P8.5 ¿Cuál es la razón principal por la que dejó de tener su seguro?,1,C,p8_5,p8_5,1...8,,,
Pregunta P8.6.1 ¿Usted tiene seguro de vida?,1,C,p8_6_1,p8_6_1,"1,2",,,
Pregunta P8.7.1 ¿Usted compró directamente el seguro de vida?,1,C,p8_7_1,p8_7_1,"1,2",,,
Pregunta P8.6.2 ¿Usted tiene seguro de gastos médicos?,1,C,p8_6_2,p8_6_2,"1,2",,,
Pregunta P8.7.2 ¿Usted compró directamente el seguro de gastos médicos?,1,C,p8_7_2,p8_7_2,"1,2",,,
Pregunta P8.8.2 ¿Está satisfecha(o) con el servicio que le brinda la aseguradora con el seguro de gastos médicos?,1,C,p8_8_2,p8_8_2,1...3,,,
Pregunta P8.9.2 ¿Por qué no está satisfecha(o) con el servicio recibido del seguro de gastos médicos?,1,C,p8_9_2,p8_9_2,1...7,,,
Pregunta P8.10.2 ¿Alguna vez ha reclamado o cobrado el seguro de gastos médicos?,1,C,p8_10_2,p8_10_2,1...3,,,
Pregunta P8.6.3 ¿Usted tiene seguro de auto?,1,C,p8_6_3,p8_6_3,"1,2",,,
Pregunta P8.7.3 ¿Usted compró directamente el seguro de auto?,1,C,p8_7_3,p8_7_3,"1,2",,,
Pregunta P8.8.3 ¿Está satisfecha(o) con el servicio que le brinda la aseguradora con el seguro de auto?,1,C,p8_8_3,p8_8_3,1...3,,,
Pregunta P8.9.3 ¿Por qué no está satisfecha(o) con el servicio recibido del seguro de auto?,1,C,p8_9_3,p8_9_3,1...7,,,
Pregunta P8.10.3 ¿Alguna vez ha reclamado o cobrado el seguro de auto?,1,C,p8_10_3,p8_10_3,1...3,,,
Pregunta P8.6.4 ¿Usted tiene seguro personal contra accidentes?,1,C,p8_6_4,p8_6_4,"1,2",,,
Pregunta P8.7.4 ¿Usted compró directamente el seguro personal contra accidentes?,1,C,p8_7_4,p8_7_4,"1,2",,,
Pregunta P8.8.4 ¿Está satisfecha(o) con el servicio que le brinda la aseguradora con el seguro personal contra accidentes?,1,C,p8_8_4,p8_8_4,1...3,,,
Pregunta P8.9.4 ¿Por qué no está satisfecha(o) con el servicio recibido del seguro personal contra accidentes?,1,C,p8_9_4,p8_9_4,1...7,,,
Pregunta P8.10.4 ¿Alguna vez ha reclamado o cobrado el seguro personal contra accidentes?,1,C,p8_10_4,p8_10_4,1...3,,,
Pregunta P8.6.5 ¿Usted tiene seguro de casa?,1,C,p8_6_5,p8_6_5,"1,2",,,
Pregunta P8.7.5 ¿Usted compró directamente el seguro de casa?,1,C,p8_7_5,p8_7_5,"1,2",,,
Pregunta P8.8.5 ¿Está satisfecha(o) con el servicio que le brinda la aseguradora con el seguro de casa?,1,C,p8_8_5,p8_8_5,1...3,,,
Pregunta P8.9.5 ¿Por qué no está satisfecha(o) con el servicio recibido del seguro de casa?,1,C,p8_9_5,p8_9_5,1...7,,,
Pregunta P8.10.5 ¿Alguna vez ha reclamado o cobrado el seguro de casa?,1,C,p8_10_5,p8_10_5,1...3,,,
Pregunta P8.6.6 ¿Usted tiene seguro de educación?,1,C,p8_6_6,p8_6_6,"1,2",,,
Pregunta P8.6.7 ¿Usted tiene plan privado de retiro (no Afore)?,1,C,p8_6_7,p8_6_7,"1,2",,,
Pregunta P8.6.8 ¿Usted tiene otro?,1,C,p8_6_8,p8_6_8,"1,2",,,
Pregunta P8.7.8 ¿Usted compró directamente el otro?,1,C,p8_7_8,p8_7_8,"1,2",,,
Pregunta P8.8.8 ¿Está satisfecha(o) con el servicio que le brinda la aseguradora con el otro?,1,C,p8_8_8,p8_8_8,1...3,,,
Pregunta P8.9.8 ¿Por qué no está satisfecha(o) con el servicio recibido del otro?,1,C,p8_9_8,p8_9_8,1...7,,,
Pregunta P8.10.8 ¿Alguna vez ha reclamado o cobrado el otro?,1,C,p8_10_8,p8_10_8,1...3,,,
Pregunta FILTRO.1.SECC8 ¿Compró directamente algún seguro (8.7=1 en cualquier opción)?,1,C,filtro_1_secc8,filtro_1_secc8,"1,2",,,
"Pregunta P8.11 Antes de contratar su (último) seguro, ¿usted lo comparó con otros seguros, en otras aseguradoras o instituciones financieras?",1,C,p8_11,p8_11,"1,2",,,
"Pregunta P8.12.1 Para comparar su seguro, ¿utilizó información proporcionada por la aseguradora o institución financiera (sucursales, agentes, portal de internet del banco o institución, etcétera)?",1,C,p8_12_1,p8_12_1,"1,2",,,
"Pregunta P8.12.2 Para comparar su seguro, ¿utilizó recomendación de amistades o personas conocidas?",1,C,p8_12_2,p8_12_2,"1,2",,,
"Pregunta P8.12.3 Para comparar su seguro, ¿utilizó sitios o páginas de instituciones como Condusef, Comisión Nacional de Seguros y Fianzas, entre otras?",1,C,p8_12_3,p8_12_3,"1,2",,,
"Pregunta P8.12.4 Para comparar su seguro, ¿utilizó anuncios comerciales de aseguradoras o instituciones financieras?",1,C,p8_12_4,p8_12_4,"1,2",,,
"Pregunta P8.12.5 Para comparar su seguro, ¿utilizó recomendación de especialistas o analistas?",1,C,p8_12_5,p8_12_5,"1,2",,,
Pregunta P9.1 ¿Usted tiene una cuenta de ahorro para el retiro o Afore?,1,C,p9_1,p9_1,"1,2,9",,,
Pregunta P9.1a ¿Usted ha tenido alguna cuenta de ahorro para el retiro o Afore?,1,C,p9_1a,p9_1a,"1,2",,,
Pregunta P9.2 ¿Cuál es la razón principal por la que no tiene una cuenta de ahorro para el retiro?,1,C,p9_2,p9_2,1...9,,,
Pregunta P9.3 ¿Usted se registró o dio de alta su cuenta de ahorro para el retiro…,1,C,p9_3,p9_3,"1...5,9",,,
Pregunta P9.4 ¿Usted realiza aportaciones voluntarias a su cuenta de ahorro para el retiro o Afore?,1,C,p9_4,p9_4,"1,2",,,
Pregunta P9.5 ¿Cuál es la razón principal por la que no hace aportaciones voluntarias?,1,C,p9_5,p9_5,1...7,,,
Pregunta P9.6 ¿Está satisfecha(o) con la atención de su Afore?,1,C,p9_6,p9_6,1...3,,,
Pregunta P9.7 ¿Cuál es la razón principal por la que no está satisfecha(o)?,1,C,p9_7,p9_7,1...9,,,
"Pregunta P9.8.1 En su vejez, ¿piensa cubrir sus gastos con lo que reciba de los apoyos del gobierno para personas adultas mayores?",1,C,p9_8_1,p9_8_1,"1,2,9",,,
"Pregunta P9.8.2 En su vejez, ¿piensa cubrir sus gastos con lo que reciba de su pensión, jubilación, Afore o plan privado de retiro?",1,C,p9_8_2,p9_8_2,"1,2,9",,,
"Pregunta P9.8.3 En su vejez, ¿piensa cubrir sus gastos con lo que reciba de vender o rentar bienes o propiedades (vehículos, casas, ganado, etcétera)?",1,C,p9_8_3,p9_8_3,"1,2,9",,,
"Pregunta P9.8.4 En su vejez, ¿piensa cubrir sus gastos con lo que reciba de dinero que le dé su esposa(o) o pareja, hijas, hijos u otros familiares?",1,C,p9_8_4,p9_8_4,"1,2,9",,,
"Pregunta P9.8.5 En su vejez, ¿piensa cubrir sus gastos con lo que reciba de seguir trabajando?",1,C,p9_8_5,p9_8_5,"1,2,9",,,
"Pregunta P9.8.6 En su vejez, ¿piensa cubrir sus gastos con lo que reciba de otro?",1,C,p9_8_6,p9_8_6,"1,2,9",,,
"Pregunta P10.1 De julio de 2020 a la fecha, ¿ha utilizado alguna sucursal bancaria o de otra institución financiera?",1,C,p10_1,p10_1,"1,2",,,
Pregunta P10.2 ¿Cuál es la razón principal por la que no ha utilizado una sucursal?,1,C,p10_2,p10_2,1...8,,,
Pregunta P10.3.1 ¿A cuánto tiempo le queda la sucursal que usa regularmente? - HORAS,2,C,p10_3_1,p10_3_1,"00...23,99",,,
Pregunta P10.3.2 ¿A cuánto tiempo le queda la sucursal que usa regularmente? - MINUTOS,2,C,p10_3_2,p10_3_2,"00...59,99",,,
"Pregunta P10.4 De julio de 2020 a la fecha, ¿ha utilizado los cajeros automáticos de algún banco o de una institución financiera?",1,C,p10_4,p10_4,"1,2",,,
Pregunta P10.5 ¿Cuál es la razón principal por la que no ha utilizado los cajeros automáticos?,1,C,p10_5,p10_5,1...8,,,
Pregunta P10.6.1 ¿A cuánto tiempo le queda el cajero automático que usa regularmente? - HORAS,2,C,p10_6_1,p10_6_1,"00...23,99",,,
Pregunta P10.6.2 ¿A cuánto tiempo le queda el cajero automático que usa regularmente? - MINUTOS,2,C,p10_6_2,p10_6_2,"00...59,99",,,
"Pregunta P10.7 De julio de 2020 a la fecha, ¿ha utilizado alguna tienda o comercio como Oxxo para retirar dinero, depositar efectivo, pagar un crédito o servicios (luz, agua, predial, etcétera)?",1,C,p10_7,p10_7,"1,2",,,
Pregunta P10.8 ¿Cuál es la razón principal por la que no ha utilizado estas tiendas o comercios para realizar operaciones financieras?,1,C,p10_8,p10_8,1...8,,,
Pregunta P10.9.1 ¿A cuánto tiempo le queda la tienda o comercio que usa regularmente? - HORAS,2,C,p10_9_1,p10_9_1,"00...23,99",,,
Pregunta P10.9.2 ¿A cuánto tiempo le queda la tienda o comercio que usa regularmente? - MINUTOS,2,C,p10_9_2,p10_9_2,"00...59,99",,,
"Pregunta P11.1.1 Si usted tuviera que solicitar los servicios de un banco o cualquier otra institución financiera, ¿usted considera que recibiría toda la información necesaria?",1,C,p11_1_1,p11_1_1,"1,2,9",,,
"Pregunta P11.1.2 Si usted tuviera que solicitar los servicios de un banco o cualquier otra institución financiera, ¿usted considera que resolverían su necesidad o problema económico?",1,C,p11_1_2,p11_1_2,"1,2,9",,,
"Pregunta P11.1.3 Si usted tuviera que solicitar los servicios de un banco o cualquier otra institución financiera, ¿usted considera que estaría seguro su dinero?",1,C,p11_1_3,p11_1_3,"1,2,9",,,
"Pregunta P11.1.4 Si usted tuviera que solicitar los servicios de un banco o cualquier otra institución financiera, ¿usted considera que resolverían sus quejas y reclamaciones?",1,C,p11_1_4,p11_1_4,"1,2,9",,,
"Pregunta P11.1.5 Si usted tuviera que solicitar los servicios de un banco o cualquier otra institución financiera, ¿usted considera que protegerían sus datos personales?",1,C,p11_1_5,p11_1_5,"1,2,9",,,
"Pregunta P11.2.1 ¿En los últimos tres años, de julio de 2018 a la fecha le han clonado o hecho una copia de su tarjeta de débito o crédito para utilizarla sin su autorización?",1,C,p11_2_1,p11_2_1,"1,2,9",,,
"Pregunta P11.2.2 ¿En los últimos tres años, de julio de 2018 a la fecha han utilizado, sin su autorización, sus datos personales para sacar dinero, contratar un crédito u otro servicio (robo de identidad)?",1,C,p11_2_2,p11_2_2,"1,2,9",,,
"Pregunta P11.2.3 ¿En los últimos tres años, de julio de 2018 a la fecha invirtió o puso su dinero en un producto o actividad que resultó que no tenía valor o era un fraude (una pirámide, “La flor de la abundancia”, “El Arbolito”, etcétera)?",1,C,p11_2_3,p11_2_3,"1,2,9",,,
"Pregunta P11.2.4 ¿En los últimos tres años, de julio de 2018 a la fecha le han defraudado ofreciéndole algún producto financiero o solicitando deposite dinero para la obtención de un premio?",1,C,p11_2_4,p11_2_4,"1,2,9",,,
"Pregunta P11.3.1 Si tuviera un problema con un crédito, tarjeta de crédito, sus ahorros u otros productos financieros (seguros o Afore), ¿a qué institución acudiría a presentar su queja?",1,C,p11_3_1,p11_3_1,"1,2",,,
"Pregunta P11.3.2 Si tuviera un problema con un crédito, tarjeta de crédito, sus ahorros u otros productos financieros (seguros o Afore), ¿a qué institución acudiría a presentar su queja?",1,C,p11_3_2,p11_3_2,"1,2",,,
"Pregunta P11.3.3 Si tuviera un problema con un crédito, tarjeta de crédito, sus ahorros u otros productos financieros (seguros o Afore), ¿a qué institución acudiría a presentar su queja?",1,C,p11_3_3,p11_3_3,"1,2",,,
"Pregunta P11.3.4 Si tuviera un problema con un crédito, tarjeta de crédito, sus ahorros u otros productos financieros (seguros o Afore), ¿a qué institución acudiría a presentar su queja?",1,C,p11_3_4,p11_3_4,"1,2",,,
"Pregunta P11.3.9 Si tuviera un problema con un crédito, tarjeta de crédito, sus ahorros u otros productos financieros (seguros o Afore), ¿a qué institución acudiría a presentar su queja?",1,C,p11_3_9,p11_3_9,"1,2",,,
"Pregunta P11.4 ¿Ha presentado usted alguna queja, reclamo o demanda en un banco o institución financiera?",1,C,p11_4,p11_4,"1,2",,,
"Pregunta P12.1 Derivado del COVID-19, ¿usted tuvo alguna afectación económica?",1,C,p12_1,p12_1,"1,2",,,
Pregunta P12.2.1 ¿Usted tuvo una reducción de lo que gana o recibe?,1,C,p12_2_1,p12_2_1,"1,2",,,
Pregunta P12.2.2 ¿Usted tuvo gastos de salud o funerarios?,1,C,p12_2_2,p12_2_2,"1,2",,,
Pregunta P12.2.3 ¿Usted perdió su empleo o fuente de ingresos?,1,C,p12_2_3,p12_2_3,"1,2",,,
"Pregunta P12.3.1 Para enfrentar esta emergencia económica derivada del COVID-19, ¿usted pidió prestado a familiares o personas conocidas?",1,C,p12_3_1,p12_3_1,"1,2",,,
"Pregunta P12.3.2 Para enfrentar esta emergencia económica derivada del COVID-19, ¿usted utilizó el dinero que tenía ahorrado?",1,C,p12_3_2,p12_3_2,"1,2",,,
"Pregunta P12.3.3 Para enfrentar esta emergencia económica derivada del COVID-19, ¿usted redujo sus gastos?",1,C,p12_3_3,p12_3_3,"1,2",,,
"Pregunta P12.3.4 Para enfrentar esta emergencia económica derivada del COVID-19, ¿usted vendió o empeñó algún bien?",1,C,p12_3_4,p12_3_4,"1,2",,,
"Pregunta P12.3.5 Para enfrentar esta emergencia económica derivada del COVID-19, ¿usted utilizó su tarjeta de crédito o solicitó un crédito a un banco o institución financiera?",1,C,p12_3_5,p12_3_5,"1,2",,,
"Pregunta P12.3.6 Para enfrentar esta emergencia económica derivada del COVID-19, ¿usted se atrasó en el pago de algún crédito bancario o de una institución financiera?",1,C,p12_3_6,p12_3_6,"1,2",,,
"Pregunta P12.3.7 Para enfrentar esta emergencia económica derivada del COVID-19, ¿usted aceptó la ampliación del tiempo (prórroga) de pago de intereses ofrecido por su institución financiera?",1,C,p12_3_7,p12_3_7,"1,2",,,
"Pregunta P12.3.8 Para enfrentar esta emergencia económica derivada del COVID-19, ¿usted  trabajó horas extras, hizo trabajo temporal o solicitó un adelanto salarial?",1,C,p12_3_8,p12_3_8,"1,2",,,
Pregunta P12.4 ¿Cuántos meses le tomó reponerse de esta emergencia económica ocasionada por el COVID-19?,2,C,p12_4,p12_4,01...88,,,
"Pregunta P13.1 Si usted le presta 25 pesos a una amiga o amigo y a la siguiente semana le regresa los 25 pesos, ¿cuánto le pagó de interés?",1,C,p13_1,p13_1,"1,2,9",,,
"Pregunta P13.2 Supongamos que deposita 100 pesos en una cuenta de ahorro que le da una ganancia del 2% al año. Si no realiza depósitos ni retiros, ¿incluyendo los intereses, usted tendrá al final del año…?",1,C,p13_2,p13_2,"1...3,8,9",,,
"Pregunta P13.3 Si usted deposita 100 pesos en una cuenta de ahorro que le da una ganancia del 2% al año y no hace depósitos ni retiros, ¿incluyendo los intereses, usted tendrá al final de cinco años…?",1,C,p13_3,p13_3,"1...3,8,9",,,
"Pregunta P13.4 Si le regalan $1,000 pesos, pero tiene que esperar un año para gastarlo y en ese año la inflación es de 5%, ¿usted podría comprar…?",1,C,p13_4,p13_4,"1...3,9",,,
"Pregunta P14.1 ¿Las decisiones sobre cómo se gasta o ahorra el dinero en su hogar, las toma…?",1,C,p14_1,p14_1,1...3,,,
Pregunta P14.2.1 ¿Usted es propietaria(o) de alguna vivienda o departamento?,1,C,p14_2_1,p14_2_1,"1,2",,,
Pregunta P14.3.1 ¿Compró o adquirió su(s) vivienda o departamento principalmente con…?,1,C,p14_3_1,p14_3_1,1...6,,,
"Pregunta P14.4.1 ¿Cualquier decisión sobre vender, rentar o prestar su vivienda o departamento…?",1,C,p14_4_1,p14_4_1,"1...3,9",,,
"Pregunta P14.2.2 ¿Usted es propietaria(o) de algún automóvil, camioneta, camión, tráiler o moto?",1,C,p14_2_2,p14_2_2,"1,2",,,
"Pregunta P14.3.2 ¿Compró o adquirió su(s) automóvil, camioneta, camión, tráiler o moto principalmente con…?",1,C,p14_3_2,p14_3_2,1...6,,,
"Pregunta P14.4.2 ¿Cualquier decisión sobre vender, rentar o prestar su automóvil, camioneta, camión, tráiler o moto…?",1,C,p14_4_2,p14_4_2,"1...3,9",,,
Pregunta P14.2.3 ¿Usted es propietaria(o) de alguna tierra de cultivo o terreno?,1,C,p14_2_3,p14_2_3,"1,2",,,
Pregunta P14.3.3 ¿Compró o adquirió su(s) tierra de cultivo o terreno principalmente con…?,1,C,p14_3_3,p14_3_3,1...6,,,
"Pregunta P14.4.3 ¿Cualquier decisión sobre vender, rentar o prestar su tierra de cultivo o terreno…?",1,C,p14_4_3,p14_4_3,"1...3,9",,,
Pregunta P14.2.4 ¿Usted es propietaria(o) de otras propiedades?,1,C,p14_2_4,p14_2_4,"1,2",,,
Tamaño de localidad,1,C,tloc,tloc,1...4,,,
Región,1,C,region,region,1...6,,,
Pregunta SEXO (NOMBRE) es hombre (NOMBRE) es mujer,1,C,sexo,sexo,"1,2",,,
Pregunta EDAD ¿Cuántos años cumplidos tiene (NOMBRE)?,2,C,edad,edad,00...99,,,
Estrato de diseño muestral,3,C,est_dis,,001...235,,,
UPM de diseño muestral,7,C,upm_dis,,0000001...0002013,,,
Factor de expansión,5,C,fac_ele,,00000...99999,,,
